{ "height":15,
 "infinite":false,
 "layers":[
        {
         "data":[0, 0, 0, 0, 0, 0, 0, 0, 0, 0, 0, 0, 0, 0, 0, 0, 0, 0, 0, 0, 0, 0, 0, 0, 0, 0, 0, 0, 0, 0, 0, 0, 0, 0, 0, 0, 0, 0, 0, 0, 0, 0, 0, 0, 0, 0, 0, 0, 49, 49, 49, 49, 49, 49, 49, 49, 49, 0, 0, 0, 0, 0, 0, 2684354609, 2684354609, 2684354609, 2684354609, 2684354609, 2684354609, 2684354609, 2684354609, 2684354609, 0, 0, 0, 0, 0, 0, 2684354609, 2684354609, 2684354609, 2684354609, 2684354609, 2684354609, 2684354609, 2684354609, 2684354609, 0, 0, 0, 0, 0, 0, 2684354609, 2684354609, 2684354609, 2684354609, 2684354609, 2684354609, 2684354609, 2684354609, 2684354609, 0, 0, 0, 0, 0, 0, 2684354609, 2684354609, 2684354609, 2684354609, 2684354609, 65, 65, 65, 2684354609, 0, 0, 0, 0, 0, 0, 49, 49, 49, 49, 2684354609, 65, 65, 65, 2684354609, 0, 0, 0, 0, 0, 0, 2684354609, 2684354609, 2684354609, 2684354609, 2684354609, 65, 65, 65, 2684354609, 0, 0, 0, 0, 0, 0, 2684354609, 2684354609, 2684354609, 2684354609, 2684354609, 2684354609, 2684354609, 2684354609, 2684354609, 0, 0, 0, 0, 0, 0, 2684354609, 2684354609, 2684354609, 2684354609, 2684354609, 2684354609, 2684354609, 2684354609, 2684354609, 0, 0, 0, 0, 0, 0, 0, 0, 0, 0, 0, 0, 0, 0, 0, 0, 0, 0, 0, 0, 0, 0, 0, 0, 0, 0, 0, 0, 0, 0, 0, 0, 0, 0, 0, 0, 0, 0, 0, 0, 0, 0, 0, 0, 0, 0, 0, 0],
         "height":15,
         "name":"Floor",
         "opacity":1,
         "type":"tilelayer",
         "visible":true,
         "width":15,
         "x":0,
         "y":0
        }, 
        {
         "data":[20, 20, 20, 20, 20, 20, 20, 20, 20, 20, 20, 20, 20, 20, 20, 20, 20, 20, 20, 20, 20, 20, 20, 20, 20, 20, 20, 20, 20, 20, 20, 20, 34, 36, 36, 36, 36, 36, 36, 36, 36, 36, 33, 20, 20, 20, 20, 21, 86, 86, 86, 86, 86, 86, 86, 86, 86, 19, 20, 20, 20, 20, 21, 0, 0, 0, 0, 0, 0, 0, 0, 0, 19, 20, 20, 20, 20, 21, 0, 0, 0, 0, 0, 0, 0, 0, 0, 19, 20, 20, 20, 20, 18, 4, 4, 4, 5, 0, 0, 0, 0, 0, 19, 20, 20, 20, 20, 34, 36, 36, 36, 37, 0, 0, 0, 0, 0, 19, 20, 20, 20, 20, 21, 86, 86, 86, 86, 0, 0, 0, 0, 0, 19, 20, 20, 20, 20, 21, 0, 0, 0, 0, 0, 0, 0, 0, 0, 19, 20, 20, 20, 20, 21, 0, 0, 0, 0, 0, 0, 0, 0, 0, 19, 20, 20, 20, 20, 21, 0, 0, 0, 0, 0, 0, 0, 0, 0, 19, 20, 20, 20, 20, 18, 4, 4, 4, 4, 20, 4, 4, 4, 4, 17, 20, 20, 20, 20, 20, 20, 20, 20, 20, 20, 20, 20, 20, 20, 20, 20, 20, 20, 20, 20, 20, 20, 20, 20, 20, 20, 20, 20, 20, 20, 20, 20],
         "height":15,
         "name":"Wall",
         "opacity":1,
         "type":"tilelayer",
         "visible":true,
         "width":15,
         "x":0,
         "y":0
        }, 
        {
         "data":[0, 0, 0, 0, 0, 0, 0, 0, 0, 0, 0, 0, 0, 0, 0, 0, 0, 0, 0, 0, 0, 0, 0, 0, 0, 0, 0, 0, 0, 0, 0, 0, 0, 0, 0, 0, 0, 0, 0, 0, 0, 0, 0, 0, 0, 0, 0, 0, 98, 100, 97, 0, 0, 9, 39, 15, 162, 0, 0, 0, 0, 0, 0, 114, 116, 113, 0, 0, 0, 0, 31, 0, 0, 0, 0, 0, 0, 0, 0, 0, 0, 0, 0, 0, 0, 47, 0, 0, 0, 0, 0, 0, 0, 0, 0, 0, 0, 0, 0, 0, 0, 0, 0, 0, 0, 0, 0, 0, 0, 0, 0, 0, 0, 0, 0, 0, 0, 0, 0, 0, 0, 0, 0, 51, 102, 53, 103, 0, 0, 0, 0, 0, 0, 0, 0, 0, 0, 0, 67, 68, 69, 68, 0, 0, 0, 0, 0, 0, 0, 0, 0, 0, 0, 0, 0, 0, 0, 0, 0, 0, 0, 14, 0, 0, 0, 0, 0, 0, 0, 46, 0, 0, 0, 57, 58, 0, 30, 0, 0, 0, 0, 0, 0, 0, 0, 0, 0, 0, 0, 0, 0, 0, 0, 0, 0, 0, 0, 0, 0, 0, 0, 0, 0, 0, 0, 0, 0, 0, 0, 0, 0, 0, 0, 0, 0, 0, 0, 0, 0, 0, 0, 0, 0, 0, 0],
         "height":15,
         "name":"Object",
         "opacity":1,
         "type":"tilelayer",
         "visible":true,
         "width":15,
         "x":0,
         "y":0
        }, 
        {
         "data":[0, 0, 0, 0, 0, 0, 0, 0, 0, 0, 0, 0, 0, 0, 0, 0, 0, 0, 0, 0, 0, 0, 0, 0, 0, 0, 0, 0, 0, 0, 0, 0, 0, 0, 0, 0, 0, 0, 0, 0, 0, 0, 0, 0, 0, 0, 0, 0, 0, 0, 0, 0, 0, 0, 0, 0, 0, 0, 0, 0, 0, 0, 0, 0, 0, 0, 0, 0, 0, 0, 0, 0, 0, 0, 0, 0, 0, 0, 0, 0, 0, 0, 0, 0, 0, 0, 0, 0, 0, 0, 0, 0, 0, 0, 0, 0, 0, 0, 0, 0, 0, 0, 0, 0, 0, 0, 0, 0, 0, 0, 0, 0, 0, 0, 0, 0, 0, 0, 0, 0, 0, 0, 0, 0, 0, 0, 0, 0, 0, 0, 0, 0, 0, 0, 0, 0, 0, 0, 0, 0, 0, 0, 0, 0, 0, 0, 0, 0, 0, 0, 0, 0, 0, 0, 0, 0, 0, 0, 0, 0, 0, 0, 0, 0, 0, 0, 0, 0, 0, 74, 0, 0, 0, 0, 0, 0, 0, 0, 0, 0, 0, 0, 0, 0, 0, 0, 0, 0, 0, 0, 0, 0, 0, 0, 0, 0, 0, 0, 0, 0, 0, 0, 0, 0, 0, 0, 0, 0, 0, 0, 0, 0, 0, 0, 0, 0, 0, 0, 0, 0, 0, 0, 0, 0, 0],
         "height":15,
         "name":"Furniture",
         "opacity":1,
         "type":"tilelayer",
         "visible":true,
         "width":15,
         "x":0,
         "y":0
        }],
 "nextobjectid":1,
 "orientation":"orthogonal",
 "renderorder":"right-down",
 "tiledversion":"1.1.5",
 "tileheight":32,
 "tilesets":[
        {
         "columns":16,
         "firstgid":1,
         "image":"house.png",
         "imageheight":512,
         "imagewidth":512,
         "margin":0,
         "name":"house",
         "spacing":0,
         "tilecount":256,
         "tileheight":32,
         "tiles":
            {
             "162":
                {
                 "animation":[
                        {
                         "duration":250,
                         "tileid":162
                        }, 
                        {
                         "duration":250,
                         "tileid":161
                        }, 
                        {
                         "duration":250,
                         "tileid":163
                        }, 
                        {
                         "duration":250,
                         "tileid":161
                        }]
                }
            },
         "tilewidth":32
        }, 
        {
         "columns":20,
         "firstgid":257,
         "image":"town.png",
         "imageheight":3136,
         "imagewidth":640,
         "margin":0,
         "name":"town",
         "spacing":0,
         "tilecount":1960,
         "tileheight":32,
         "tilewidth":32
        }],
 "tilewidth":32,
 "type":"map",
 "version":1,
 "width":15
}