{ "height":15,
 "infinite":false,
 "layers":[
        {
         "data":[0, 0, 0, 0, 0, 0, 0, 0, 0, 0, 0, 0, 0, 0, 0, 0, 0, 0, 0, 0, 0, 0, 0, 0, 0, 0, 0, 0, 0, 0, 0, 0, 0, 0, 0, 0, 0, 0, 0, 0, 0, 0, 0, 0, 0, 0, 0, 0, 49, 49, 49, 0, 0, 0, 49, 49, 49, 0, 0, 0, 0, 0, 0, 2684354609, 2684354609, 2684354609, 0, 0, 0, 2684354609, 2684354609, 2684354609, 0, 0, 0, 0, 0, 0, 2684354609, 2684354609, 2684354609, 0, 0, 0, 2684354609, 2684354609, 2684354609, 0, 0, 0, 0, 0, 0, 2684354609, 2684354609, 2684354609, 0, 0, 0, 2684354609, 2684354609, 2684354609, 0, 0, 0, 0, 0, 0, 65, 0, 0, 0, 0, 0, 0, 0, 65, 0, 0, 0, 0, 0, 0, 65, 0, 0, 0, 0, 0, 0, 0, 65, 0, 0, 0, 0, 0, 0, 2684354609, 49, 49, 49, 49, 49, 49, 49, 2684354609, 0, 0, 0, 0, 0, 0, 2684354609, 2684354609, 2684354609, 2684354609, 2684354609, 2684354609, 2684354609, 2684354609, 2684354609, 0, 0, 0, 0, 0, 0, 2684354609, 2684354609, 2684354609, 2684354609, 2684354609, 2684354609, 2684354609, 2684354609, 2684354609, 0, 0, 0, 0, 0, 0, 2684354609, 2684354609, 2684354609, 2684354609, 2684354609, 2684354609, 2684354609, 2684354609, 2684354609, 0, 0, 0, 0, 0, 0, 0, 0, 0, 0, 0, 0, 0, 0, 0, 0, 0, 0, 0, 0, 0, 0, 0, 0, 0, 0, 0, 0, 0, 0, 0, 0, 0],
         "height":15,
         "name":"Floor",
         "opacity":1,
         "type":"tilelayer",
         "visible":true,
         "width":15,
         "x":0,
         "y":0
        }, 
        {
         "data":[20, 20, 20, 20, 20, 20, 20, 20, 20, 20, 20, 20, 20, 20, 20, 20, 20, 20, 20, 20, 20, 20, 20, 20, 20, 20, 20, 20, 20, 20, 20, 20, 34, 36, 36, 36, 33, 20, 34, 36, 36, 36, 33, 20, 20, 20, 20, 21, 71, 71, 71, 19, 20, 21, 71, 71, 71, 19, 20, 20, 20, 20, 21, 0, 0, 0, 19, 20, 21, 0, 0, 0, 19, 20, 20, 20, 20, 21, 0, 0, 0, 19, 20, 21, 0, 0, 0, 19, 20, 20, 20, 20, 21, 0, 0, 0, 19, 20, 21, 0, 0, 0, 19, 20, 20, 20, 20, 21, 0, 3, 4, 17, 20, 18, 4, 5, 0, 19, 20, 20, 20, 20, 21, 0, 35, 36, 36, 36, 36, 36, 37, 0, 19, 20, 20, 20, 20, 21, 0, 71, 71, 71, 71, 71, 71, 71, 0, 19, 20, 20, 20, 20, 21, 0, 0, 0, 0, 0, 0, 0, 0, 0, 19, 20, 20, 20, 20, 21, 0, 0, 0, 0, 0, 0, 0, 0, 0, 19, 20, 20, 20, 20, 21, 0, 0, 0, 0, 0, 0, 0, 0, 0, 19, 20, 20, 20, 20, 18, 4, 4, 4, 4, 20, 4, 4, 4, 4, 17, 20, 20, 20, 20, 20, 20, 20, 20, 20, 20, 20, 20, 20, 20, 20, 20, 20],
         "height":15,
         "name":"Wall",
         "opacity":1,
         "type":"tilelayer",
         "visible":true,
         "width":15,
         "x":0,
         "y":0
        }, 
        {
         "data":[0, 0, 0, 0, 0, 0, 0, 0, 0, 0, 0, 0, 0, 0, 0, 0, 0, 0, 0, 0, 0, 0, 0, 0, 0, 0, 0, 0, 0, 0, 0, 0, 0, 0, 0, 0, 0, 0, 0, 0, 0, 0, 0, 0, 0, 0, 0, 0, 101, 15, 104, 0, 0, 0, 104, 15, 101, 0, 0, 0, 0, 0, 0, 118, 31, 117, 0, 0, 0, 117, 31, 118, 0, 0, 0, 0, 0, 0, 0, 47, 0, 0, 0, 0, 0, 47, 0, 0, 0, 0, 0, 0, 0, 0, 0, 0, 0, 0, 0, 0, 0, 0, 0, 0, 0, 0, 0, 0, 0, 0, 0, 0, 44, 0, 0, 0, 0, 0, 0, 0, 0, 0, 0, 0, 0, 0, 0, 60, 0, 0, 0, 0, 0, 0, 0, 0, 0, 0, 0, 25, 130, 131, 92, 130, 131, 25, 0, 0, 0, 0, 0, 0, 0, 0, 0, 146, 147, 0, 146, 147, 0, 0, 0, 0, 0, 0, 0, 0, 14, 0, 0, 0, 0, 0, 0, 0, 14, 0, 0, 0, 0, 0, 0, 30, 0, 56, 0, 0, 149, 59, 0, 30, 0, 0, 0, 0, 0, 0, 0, 0, 0, 0, 0, 0, 0, 0, 0, 0, 0, 0, 0, 0, 0, 0, 0, 0, 0, 0, 0, 0, 0, 0, 0, 0, 0],
         "height":15,
         "name":"Object",
         "opacity":1,
         "type":"tilelayer",
         "visible":true,
         "width":15,
         "x":0,
         "y":0
        }],
 "nextobjectid":1,
 "orientation":"orthogonal",
 "renderorder":"right-down",
 "tiledversion":"1.1.5",
 "tileheight":32,
 "tilesets":[
        {
         "columns":16,
         "firstgid":1,
         "image":"house.png",
         "imageheight":512,
         "imagewidth":512,
         "margin":0,
         "name":"house",
         "spacing":0,
         "tilecount":256,
         "tileheight":32,
         "tiles":
            {
             "91":
                {
                 "animation":[
                        {
                         "duration":250,
                         "tileid":91
                        }, 
                        {
                         "duration":250,
                         "tileid":76
                        }, 
                        {
                         "duration":250,
                         "tileid":75
                        }]
                }
            },
         "tilewidth":32
        }],
 "tilewidth":32,
 "type":"map",
 "version":1,
 "width":15
}